[{"model": "learn.language", "pk": 1, "fields": {"NameEng": "Japanese", "Code": "ja-JP"}}, {"model": "learn.language", "pk": 2, "fields": {"NameEng": "English", "Code": "en-US"}}, {"model": "learn.language", "pk": 3, "fields": {"NameEng": "French", "Code": "fr-FR"}}, {"model": "learn.language", "pk": 4, "fields": {"NameEng": "Russian", "Code": "ru-RU"}}, {"model": "learn.usercustom", "pk": 4, "fields": {"user": 9, "LangDisplay": 2}}, {"model": "learn.usercustom", "pk": 5, "fields": {"user": 1, "LangDisplay": 2}}, {"model": "learn.usercustom", "pk": 10, "fields": {"user": 14, "LangDisplay": 2}}, {"model": "learn.usercustom", "pk": 11, "fields": {"user": 16, "LangDisplay": 2}}, {"model": "learn.usercustom", "pk": 12, "fields": {"user": 17, "LangDisplay": 2}}, {"model": "learn.usercustom", "pk": 13, "fields": {"user": 18, "LangDisplay": 2}}, {"model": "learn.usercustom", "pk": 14, "fields": {"user": 19, "LangDisplay": 2}}, {"model": "learn.usercustom", "pk": 15, "fields": {"user": 20, "LangDisplay": 2}}, {"model": "learn.usercustom", "pk": 16, "fields": {"user": 21, "LangDisplay": 2}}, {"model": "learn.word", "pk": 1, "fields": {"NameEng": "hello", "IsEnabled": true}}, {"model": "learn.word", "pk": 2, "fields": {"NameEng": "good morning", "IsEnabled": true}}, {"model": "learn.word", "pk": 3, "fields": {"NameEng": "good evening", "IsEnabled": true}}, {"model": "learn.word", "pk": 4, "fields": {"NameEng": "yellow", "IsEnabled": true}}, {"model": "learn.word", "pk": 5, "fields": {"NameEng": "red", "IsEnabled": true}}, {"model": "learn.word", "pk": 6, "fields": {"NameEng": "blue", "IsEnabled": true}}, {"model": "learn.word", "pk": 7, "fields": {"NameEng": "green", "IsEnabled": true}}, {"model": "learn.word", "pk": 8, "fields": {"NameEng": "shoe", "IsEnabled": true}}, {"model": "learn.word", "pk": 9, "fields": {"NameEng": "dress", "IsEnabled": true}}, {"model": "learn.word", "pk": 10, "fields": {"NameEng": "hat", "IsEnabled": true}}, {"model": "learn.word", "pk": 11, "fields": {"NameEng": "monday", "IsEnabled": true}}, {"model": "learn.word", "pk": 12, "fields": {"NameEng": "tuesday", "IsEnabled": true}}, {"model": "learn.word", "pk": 13, "fields": {"NameEng": "wednesday", "IsEnabled": true}}, {"model": "learn.word", "pk": 14, "fields": {"NameEng": "thursday", "IsEnabled": true}}, {"model": "learn.word", "pk": 15, "fields": {"NameEng": "friday", "IsEnabled": true}}, {"model": "learn.word", "pk": 16, "fields": {"NameEng": "saturday", "IsEnabled": true}}, {"model": "learn.word", "pk": 17, "fields": {"NameEng": "sunday", "IsEnabled": true}}, {"model": "learn.word", "pk": 18, "fields": {"NameEng": "week", "IsEnabled": true}}, {"model": "learn.word", "pk": 19, "fields": {"NameEng": "howareyou", "IsEnabled": true}}, {"model": "learn.word", "pk": 20, "fields": {"NameEng": "nicetomeetyou", "IsEnabled": true}}, {"model": "learn.word", "pk": 21, "fields": {"NameEng": "thankyouverymuch", "IsEnabled": true}}, {"model": "learn.word", "pk": 22, "fields": {"NameEng": "excuseme", "IsEnabled": true}}, {"model": "learn.word", "pk": 23, "fields": {"NameEng": "seeyousoon", "IsEnabled": true}}, {"model": "learn.word", "pk": 24, "fields": {"NameEng": "one", "IsEnabled": true}}, {"model": "learn.word", "pk": 25, "fields": {"NameEng": "two", "IsEnabled": true}}, {"model": "learn.word", "pk": 26, "fields": {"NameEng": "three", "IsEnabled": true}}, {"model": "learn.word", "pk": 27, "fields": {"NameEng": "four", "IsEnabled": true}}, {"model": "learn.word", "pk": 28, "fields": {"NameEng": "five", "IsEnabled": true}}, {"model": "learn.word", "pk": 29, "fields": {"NameEng": "six", "IsEnabled": true}}, {"model": "learn.word", "pk": 30, "fields": {"NameEng": "seven", "IsEnabled": true}}, {"model": "learn.word", "pk": 31, "fields": {"NameEng": "eight", "IsEnabled": true}}, {"model": "learn.word", "pk": 32, "fields": {"NameEng": "nine", "IsEnabled": true}}, {"model": "learn.word", "pk": 33, "fields": {"NameEng": "ten", "IsEnabled": true}}, {"model": "learn.word", "pk": 34, "fields": {"NameEng": "eleven", "IsEnabled": true}}, {"model": "learn.word", "pk": 35, "fields": {"NameEng": "twenty", "IsEnabled": true}}, {"model": "learn.word", "pk": 36, "fields": {"NameEng": "hundred", "IsEnabled": true}}, {"model": "learn.word", "pk": 37, "fields": {"NameEng": "numbers", "IsEnabled": true}}, {"model": "learn.wordjp", "pk": 1, "fields": {"Phonetics": "k\u00f5\u031e\u0272\u031f\u0272\u031fit\u0361\u0255i \u0270\u1d5da\u0320", "NameHira": "\u3053\u3093\u306b\u3061\u306f", "NameKata": "NA", "NameKanji": "\u4eca\u65e5\u306f", "NameRoma": "konnichiwa", "NameEng": 1}}, {"model": "learn.wordjp", "pk": 2, "fields": {"Phonetics": "o\u031eha\u0320jo\u031e\u02d0 \u0261o\u031eza\u0320ima\u0320", "NameHira": "\u304a\u306f\u3088\u3046\u3054\u3056\u3044\u307e\u3059", "NameKata": "NA", "NameKanji": "\u5fa1\u65e9\u3046\u5fa1\u5ea7\u3044\u307e\u3059", "NameRoma": "ohay\u014d gozaimasu", "NameEng": 2}}, {"model": "learn.wordjp", "pk": 3, "fields": {"Phonetics": "o\u031eja\u0320s\u0268\u1d5dm\u02b2i na\u0320sa\u0320i", "NameHira": "\u304a\u3084\u3059\u307f\u306a\u3055\u3044", "NameKata": "NA", "NameKanji": "\u5fa1\u4f11\u307f\u306a\u3055\u3044", "NameRoma": "oyasumi nasai", "NameEng": 3}}, {"model": "learn.wordjp", "pk": 4, "fields": {"Phonetics": "ki", "NameHira": "\u304d", "NameKata": "NA", "NameKanji": "\u9ec4", "NameRoma": "ki", "NameEng": 4}}, {"model": "learn.wordjp", "pk": 5, "fields": {"Phonetics": "k\u026f\u031f\u1d5d\u027ee\u031ena\u0320i", "NameHira": "\u304f\u308c\u306a\u3044", "NameKata": "NA", "NameKanji": "\u7d05", "NameRoma": "kurenai", "NameEng": 5}}, {"model": "learn.wordjp", "pk": 6, "fields": {"Phonetics": "a\u0320o\u031e", "NameHira": "\u3042\u304a", "NameKata": "NA", "NameKanji": "\u9752", "NameRoma": "ao", "NameEng": 6}}, {"model": "learn.wordjp", "pk": 7, "fields": {"Phonetics": "m\u02b2ido\u031e\u027e\u02b2i", "NameHira": "\u307f\u3069\u308a", "NameKata": "NA", "NameKanji": "\u7dd1", "NameRoma": "midori", "NameEng": 7}}, {"model": "learn.wordjp", "pk": 8, "fields": {"Phonetics": "\u0270\u1d5d\u00e3\u0320mp\u02b2i\u02d0s\u0268\u1d5d", "NameHira": "NA", "NameKata": "\u30ef\u30f3\u30d4\u30fc\u30b9", "NameKanji": "NA", "NameRoma": "wanp\u012bsu", "NameEng": 9}}, {"model": "learn.wordjp", "pk": 9, "fields": {"Phonetics": "b\u014dshi", "NameHira": "\u307c\u3046\u3057", "NameKata": "NA", "NameKanji": "\u5e3d\u5b50", "NameRoma": "b\u014dshi", "NameEng": 10}}, {"model": "learn.wordjp", "pk": 10, "fields": {"Phonetics": "k\u026f\u031f\u030a\u1d5dt\u0361s\u0268\u1d5d", "NameHira": "\u304f\u3064", "NameKata": "NA", "NameKanji": "\u9774", "NameRoma": "kutsu", "NameEng": 8}}, {"model": "learn.wordjp", "pk": 11, "fields": {"Phonetics": "\u0255\u026f\u02d0", "NameHira": "\u3057\u3085\u3046", "NameKata": "NA", "NameKanji": "\u9031", "NameRoma": "sh\u016b", "NameEng": 18}}, {"model": "learn.wordjp", "pk": 12, "fields": {"Phonetics": "\u0261e.ts\u026f.jo\u02d0.bi", "NameHira": "\u3052\u3064\u3088\u3046\u3073", "NameKata": "NA", "NameKanji": "\u6708\u66dc\u65e5", "NameRoma": "getsuy\u014dbi", "NameEng": 11}}, {"model": "learn.wordjp", "pk": 13, "fields": {"Phonetics": "ka.jo\u02d0.bi", "NameHira": "\u304b\u3088\u3046\u3073", "NameKata": "NA", "NameKanji": "\u706b\u66dc\u65e5", "NameRoma": "kay\u014dbi", "NameEng": 12}}, {"model": "learn.wordjp", "pk": 14, "fields": {"Phonetics": "s\u026fi.jo\u02d0.bi", "NameHira": "\u3059\u3044\u3088\u3046\u3073", "NameKata": "NA", "NameKanji": "\u6c34\u66dc\u65e5", "NameRoma": "suiy\u014dbi", "NameEng": 13}}, {"model": "learn.wordjp", "pk": 15, "fields": {"Phonetics": "mo.k\u026f.jo\u02d0.bi", "NameHira": "\u3082\u304f\u3088\u3046\u3073", "NameKata": "NA", "NameKanji": "\u6728\u66dc\u65e5", "NameRoma": "mokuy\u014dbi", "NameEng": 14}}, {"model": "learn.wordjp", "pk": 16, "fields": {"Phonetics": "k\u02b2i\u0274.jo\u02d0.bi", "NameHira": "\u304d\u3093\u3088\u3046\u3073", "NameKata": "NA", "NameKanji": "\u91d1\u66dc\u65e5", "NameRoma": "kin\u2019y\u014dbi", "NameEng": 15}}, {"model": "learn.wordjp", "pk": 17, "fields": {"Phonetics": "do.jo\u02d0.bi", "NameHira": "\u3069\u3088\u3046\u3073", "NameKata": "NA", "NameKanji": "\u571f\u66dc\u65e5", "NameRoma": "doy\u014dbi", "NameEng": 16}}, {"model": "learn.wordjp", "pk": 18, "fields": {"Phonetics": "n\u02b2i.t\u0255i.jo\u02d0.bi", "NameHira": "\u306b\u3061\u3088\u3046\u3073", "NameKata": "NA", "NameKanji": "\u65e5\u66dc\u65e5", "NameRoma": "nichiy\u014dbi", "NameEng": 17}}, {"model": "learn.wordjp", "pk": 19, "fields": {"Phonetics": "ha.d\u0291i.me.ma.\u0255i.te", "NameHira": "\u306f\u3058\u3081\u307e\u3057\u3066", "NameKata": "NA", "NameKanji": "\u521d\u3081\u307e\u3057\u3066", "NameRoma": "hajimemashite", "NameEng": 20}}, {"model": "learn.wordjp", "pk": 20, "fields": {"Phonetics": "s\u026f.mi.ma.se\u0274", "NameHira": "\u3059\u307f\u307e\u305b\u3093", "NameKata": "NA", "NameKanji": "\u6e08\u307f\u307e\u305b\u3093", "NameRoma": "sumimasen", "NameEng": 22}}, {"model": "learn.wordjp", "pk": 21, "fields": {"Phonetics": "i.t\u0255i", "NameHira": "\u3044\u3061", "NameKata": "NA", "NameKanji": "\u4e00", "NameRoma": "ichi", "NameEng": 24}}, {"model": "learn.wordjp", "pk": 22, "fields": {"Phonetics": "\u0272\u031fi", "NameHira": "\u306b", "NameKata": "NA", "NameKanji": "\u4e8c", "NameRoma": "ni", "NameEng": 25}}, {"model": "learn.wordjp", "pk": 23, "fields": {"Phonetics": "s\u00e3\u0320\u0274", "NameHira": "\u3055\u3093", "NameKata": "NA", "NameKanji": "\u4e09", "NameRoma": "san", "NameEng": 26}}, {"model": "learn.wordjp", "pk": 24, "fields": {"Phonetics": "jo\u0274", "NameHira": "\u3088\u3093", "NameKata": "NA", "NameKanji": "\u56db", "NameRoma": "yon", "NameEng": 27}}, {"model": "learn.wordjp", "pk": 25, "fields": {"Phonetics": "go", "NameHira": "\u3054", "NameKata": "NA", "NameKanji": "\u4e94", "NameRoma": "go", "NameEng": 28}}, {"model": "learn.wordjp", "pk": 26, "fields": {"Phonetics": "\u027eo.k\u026f", "NameHira": "\u308d\u304f", "NameKata": "NA", "NameKanji": "\u516d", "NameRoma": "roku", "NameEng": 29}}, {"model": "learn.wordjp", "pk": 27, "fields": {"Phonetics": "ha.t\u0255i", "NameHira": "\u306f\u3061", "NameKata": "NA", "NameKanji": "\u516b", "NameRoma": "hachi", "NameEng": 31}}, {"model": "learn.wordfr", "pk": 1, "fields": {"Phonetics": "b\u0254\u0303.\u0292u\u0281", "Name": "bonjour", "NameEng": 1}}, {"model": "learn.wordru", "pk": 1, "fields": {"Phonetics": "\u02c8zdra.stv\u028aj.t\u02b2\u0259", "NameRu": "\u0437\u0434\u0440\u0430\u0432\u0441\u0442\u0432\u0443\u0439\u0442\u0435", "NameRoma": "zdravstvuyte", "NameEng": 1}}, {"model": "learn.progression", "pk": 2, "fields": {"UserId": 4, "LangId": 1, "Level": 0, "Points": 0, "WordsLearnt": "[\"0\", \"1\", \"2\", \"12\", \"13\", \"14\", \"12\", \"15\", \"16\"]", "Exelearnt": "[\"0\"]", "FunFacts": "[\"0\"]", "IsActive": true}}, {"model": "learn.progression", "pk": 3, "fields": {"UserId": 5, "LangId": 1, "Level": 0, "Points": 0, "WordsLearnt": "[\"0\"]", "Exelearnt": "[\"0\"]", "FunFacts": "[\"0\"]", "IsActive": true}}, {"model": "learn.progression", "pk": 4, "fields": {"UserId": 10, "LangId": 2, "Level": 0, "Points": 0, "WordsLearnt": "[\"0\"]", "Exelearnt": "[\"0\"]", "FunFacts": "[\"0\"]", "IsActive": true}}, {"model": "learn.progression", "pk": 5, "fields": {"UserId": 11, "LangId": 4, "Level": 0, "Points": 0, "WordsLearnt": "[\"0\"]", "Exelearnt": "[\"0\"]", "FunFacts": "[\"0\"]", "IsActive": true}}, {"model": "learn.progression", "pk": 6, "fields": {"UserId": 12, "LangId": 3, "Level": 0, "Points": 0, "WordsLearnt": "[\"0\"]", "Exelearnt": "[\"0\"]", "FunFacts": "[\"0\"]", "IsActive": false}}, {"model": "learn.progression", "pk": 7, "fields": {"UserId": 12, "LangId": 1, "Level": 0, "Points": 75, "WordsLearnt": "[\"0\", \"12\", \"13\", \"14\", \"1\", \"19\", \"20\"]", "Exelearnt": "[\"0\"]", "FunFacts": "[\"0\"]", "IsActive": true}}, {"model": "learn.progression", "pk": 8, "fields": {"UserId": 13, "LangId": 1, "Level": 0, "Points": 0, "WordsLearnt": "[\"0\"]", "Exelearnt": "[\"0\"]", "FunFacts": "[\"0\"]", "IsActive": true}}, {"model": "learn.progression", "pk": 9, "fields": {"UserId": 14, "LangId": 3, "Level": 0, "Points": 0, "WordsLearnt": "[\"0\"]", "Exelearnt": "[\"0\"]", "FunFacts": "[\"0\"]", "IsActive": true}}, {"model": "learn.progression", "pk": 10, "fields": {"UserId": 15, "LangId": 4, "Level": 0, "Points": 0, "WordsLearnt": "[\"0\"]", "Exelearnt": "[\"0\"]", "FunFacts": "[\"0\"]", "IsActive": true}}, {"model": "learn.progression", "pk": 11, "fields": {"UserId": 16, "LangId": 1, "Level": 0, "Points": 0, "WordsLearnt": "[\"0\"]", "Exelearnt": "[\"0\"]", "FunFacts": "[\"0\"]", "IsActive": true}}, {"model": "learn.theme", "pk": 2, "fields": {"NameEng": "Presentation", "NameFr": "Pr\u00e9sentation", "words": [1, 19, 20, 22, 23]}}, {"model": "learn.theme", "pk": 3, "fields": {"NameEng": "Colours", "NameFr": "Couleurs", "words": [4, 5, 6, 7]}}, {"model": "learn.theme", "pk": 4, "fields": {"NameEng": "Clothes", "NameFr": "V\u00eatements", "words": [8, 9, 10]}}, {"model": "learn.theme", "pk": 5, "fields": {"NameEng": "Days of the week", "NameFr": "Jours de la semaine", "words": [11, 12, 13, 14, 15, 16, 17, 18]}}, {"model": "learn.theme", "pk": 6, "fields": {"NameEng": "Numbers", "NameFr": "Nombres", "words": [24, 25, 26, 27, 28, 29, 30, 31, 32, 33, 34, 35, 36, 37]}}, {"model": "learn.quizz", "pk": 7, "fields": {"Progression": 7, "Score": 120, "WordList": "[]", "Total": 12, "Difficulty": 1, "Mode": "rec", "State": 0}}, {"model": "learn.quizz", "pk": 8, "fields": {"Progression": 7, "Score": 100, "WordList": "[]", "Total": 10, "Difficulty": 1, "Mode": "rec", "State": 0}}, {"model": "learn.quizz", "pk": 9, "fields": {"Progression": 7, "Score": 60, "WordList": "[]", "Total": 7, "Difficulty": 1, "Mode": "rec", "State": 0}}, {"model": "learn.quizz", "pk": 11, "fields": {"Progression": 7, "Score": 70, "WordList": "[]", "Total": 7, "Difficulty": 1, "Mode": "rec", "State": 0}}, {"model": "learn.quizz", "pk": 12, "fields": {"Progression": 7, "Score": 60, "WordList": "[]", "Total": 7, "Difficulty": 1, "Mode": "rec", "State": 0}}, {"model": "learn.quizz", "pk": 13, "fields": {"Progression": 7, "Score": 70, "WordList": "[]", "Total": 7, "Difficulty": 1, "Mode": "rec", "State": 0}}, {"model": "learn.quizz", "pk": 14, "fields": {"Progression": 7, "Score": 0, "WordList": "[\"19\", \"23\", \"18\", \"27\", \"2\", \"25\", \"3\", \"20\", \"13\", \"15\", \"26\"]", "Total": 12, "Difficulty": 1, "Mode": "rec", "State": 1}}, {"model": "learn.quizz", "pk": 15, "fields": {"Progression": 7, "Score": 0, "WordList": "[\"6\", \"20\", \"18\", \"17\", \"5\", \"9\", \"10\", \"19\", \"25\", \"12\", \"22\"]", "Total": 12, "Difficulty": 1, "Mode": "rec", "State": 1}}, {"model": "learn.quizz", "pk": 17, "fields": {"Progression": 7, "Score": 0, "WordList": "[\"20\", \"22\", \"15\", \"3\", \"4\", \"26\"]", "Total": 7, "Difficulty": 1, "Mode": "rec", "State": 1}}]